-- phpMyAdmin SQL Dump
-- version 4.1.12
-- http://www.phpmyadmin.net
--
-- Host: 127.0.0.1
-- Generation Time: Mar 26, 2015 at 09:01 PM
-- Server version: 5.6.16
-- PHP Version: 5.5.11

SET time_zone = "+00:00";

--
-- Database: `pvcloud`
--
DROP DATABASE `pvcloud`;
CREATE DATABASE IF NOT EXISTS `pvcloud` DEFAULT CHARACTER SET utf8 COLLATE utf8_bin;
USE pvcloud;

-- --------------------------------------------------------

--
-- Table structure for table `accounts`
--

DROP TABLE IF EXISTS `accounts`;
CREATE TABLE IF NOT EXISTS `accounts` (
  `account_id` int(11) NOT NULL AUTO_INCREMENT,
  `email` varchar(200) COLLATE utf8_bin NOT NULL,
  `nickname` varchar(50) COLLATE utf8_bin NOT NULL,
  `pwd_hash` varchar(256) COLLATE utf8_bin NOT NULL,
  `confirmed` tinyint(1) NOT NULL DEFAULT '0',
  `confirmation_guid` varchar(250) COLLATE utf8_bin DEFAULT NULL,
  `created_datetime` datetime NOT NULL,
  `modified_datetime` timestamp NOT NULL DEFAULT CURRENT_TIMESTAMP ON UPDATE CURRENT_TIMESTAMP,
  `deleted_datetime` datetime DEFAULT NULL,
  PRIMARY KEY (`account_id`),
  UNIQUE KEY `account_id` (`account_id`),
  UNIQUE KEY `email` (`email`)
) ENGINE=InnoDB  DEFAULT CHARSET=utf8 COLLATE=utf8_bin COMMENT='PV Cloud User Accounts' AUTO_INCREMENT=2 ;

--
-- Dumping data for table `accounts`
--

INSERT INTO `accounts` (`account_id`, `email`, `nickname`, `pwd_hash`, `confirmed`, `confirmation_guid`, `created_datetime`, `modified_datetime`, `deleted_datetime`) VALUES
(1, 'jose.a.nunez@gmail.com', '', '7110eda4d09e062aa5e4a390b0a572ac0d2c0220', 1, '5477970556927', '2014-11-27 15:26:29', '2015-03-25 04:56:43', NULL);

-- --------------------------------------------------------

--
-- Table structure for table `app_registry`
--

DROP TABLE IF EXISTS `app_registry`;
CREATE TABLE IF NOT EXISTS `app_registry` (
  `app_id` int(11) NOT NULL AUTO_INCREMENT,
  `account_id` int(11) NOT NULL,
  `app_nickname` varchar(50) COLLATE utf8_bin NOT NULL,
  `app_description` varchar(1000) COLLATE utf8_bin NOT NULL,
  `api_key` varchar(200) COLLATE utf8_bin NOT NULL,
  `visibility_type_id` int(11) NOT NULL DEFAULT '1',
  `created_datetime` datetime NOT NULL,
  `modified_datetime` timestamp NOT NULL DEFAULT CURRENT_TIMESTAMP ON UPDATE CURRENT_TIMESTAMP,
  `deleted_datetime` datetime DEFAULT NULL,
  `last_connected_datetime` datetime DEFAULT NULL,
  PRIMARY KEY (`app_id`),
  KEY `app_nickname` (`app_nickname`),
  KEY `account_id` (`account_id`)
) ENGINE=InnoDB  DEFAULT CHARSET=utf8 COLLATE=utf8_bin AUTO_INCREMENT=18 ;

--
-- Dumping data for table `app_registry`
--

INSERT INTO `app_registry` (`app_id`, `account_id`, `app_nickname`, `app_description`, `api_key`, `visibility_type_id`, `created_datetime`, `modified_datetime`, `deleted_datetime`, `last_connected_datetime`) VALUES
(1, 1, 'HOME SMART SECURITY', 'Cloud based security system for homes.', '09b508f1bdc25b6ec65af3f9b9d1eb357b87776d', 1, '2014-12-06 16:04:21', '2015-03-25 23:19:50', NULL, NULL),
(2, 1, 'SMART HOME DOMOTICS', 'SYSTEM TO CONTROL ACTUATORS AT HOME BASED ON CLOUD COMMANDS', 'f51c3ef0344384032c0ea2dd8be208542908497f', 2, '2014-12-16 23:56:35', '2015-03-25 23:25:47', NULL, NULL),
(3, 1, 'WATER DISPOSAL SYSTEM', 'Distribuidor de aguas jabonosas', 'b56c61555653deccc4d3d1fbadd8ae0837da9abd', 2, '2014-12-16 23:58:46', '2015-03-25 23:07:58', NULL, NULL),
(4, 1, 'test2', '2', '39a63dc622a6df57daaf6ac1ffcfd5a0c627ac6a', 1, '2015-03-25 16:36:19', '2015-03-25 22:49:22', '2015-03-25 16:49:22', NULL),
(5, 1, 'TEST2', '2', '99945a7551f228bed5aad74b916ad130c1a3b274', 1, '2015-03-25 16:37:54', '2015-03-25 22:49:02', '2015-03-25 16:49:02', NULL),
(6, 1, 'TEST3', '2', '64c463ecc53f4aada93be68f6de4fb96a3ee0acd', 0, '2015-03-25 16:39:52', '2015-03-25 22:47:06', '2015-03-25 16:47:06', NULL),
(7, 1, 'TEST3', '2', '8c093f565781aecd89dc37659202a2959d261d10', 0, '2015-03-25 16:40:23', '2015-03-25 22:48:19', '2015-03-25 16:48:19', NULL),
(8, 1, 'TEST3', '2', 'df100ad07bee4c8ced28d86b2b157376cea140ba', 0, '2015-03-25 16:41:00', '2015-03-25 22:47:35', '2015-03-25 16:47:35', NULL),
(9, 1, 'TEST3', 'TEST3D', '1ff73344d60297700b45b8368c927395ffedebec', 2, '2015-03-25 16:42:21', '2015-03-25 22:47:30', '2015-03-25 16:47:30', NULL),
(10, 1, 'test4', 'TEST4D', '0fb13c9776ebe3c6f28c87b342578ac9c6677cf0', 3, '2015-03-25 16:42:46', '2015-03-25 22:47:20', '2015-03-25 16:47:20', NULL),
(11, 1, 'BUS TRACKER', 'GPS BASED SYSTEM TO TRACK PUBLIC TRANSPORTATION ROUTE COMPLIANCE FOR GOVERNMENT', '14a9832eb5454c75f96ca726b1cc4314ebcc8bca', 3, '2015-03-25 16:49:59', '2015-03-25 23:22:12', NULL, NULL),
(12, 1, 'BLINK', 'just a blink', '2fdae3d43f23ba1b684a3a6cb5e40634cd6fbe8e', 2, '2015-03-25 17:07:27', '2015-03-25 23:39:31', NULL, NULL),
(13, 1, 'DISTRESS VEST', 'GPS WEARABLE', 'd1fdb84d3775c87b4437765b0cceb5db0b05c2b6', 3, '2015-03-25 17:23:46', '2015-03-25 23:23:46', NULL, NULL),
(14, 1, 'test', 'test', '6f463b67437fa20079cb61b278a7430d789735cd', 1, '2015-03-25 17:27:46', '2015-03-25 23:28:57', '2015-03-25 17:28:57', NULL),
(15, 1, 'retewart', 'tasfdsafdsa', 'e9f910fcbf9ccfa1ab1fb3199d166d372f818255', 1, '2015-03-25 17:28:09', '2015-03-25 23:29:06', '2015-03-25 17:29:06', NULL),
(16, 1, 'test', 'fdwfdsafdsa', '0d7d4b2bf23626ea80f537b846d7f72172775942', 1, '2015-03-25 17:28:44', '2015-03-25 23:29:01', '2015-03-25 17:29:01', NULL),
(17, 1, 'DHT 11 Experiment', 'In this app I plan to connect a DHT11 sensor to an Edison or Galileo and send the data over the cloud to display in a pvCloud Page', 'b10d47a9430c767d7cf962516a31210c373b6989', 2, '2015-03-25 20:22:54', '2015-03-26 02:22:54', NULL, NULL);

-- --------------------------------------------------------

--
-- Table structure for table `app_visibility_type`
--

DROP TABLE IF EXISTS `app_visibility_type`;
CREATE TABLE IF NOT EXISTS `app_visibility_type` (
  `visibility_type_id` int(11) NOT NULL AUTO_INCREMENT,
  `visibility_type_name` varchar(20) COLLATE utf8_bin NOT NULL,
  PRIMARY KEY (`visibility_type_id`)
) ENGINE=InnoDB  DEFAULT CHARSET=utf8 COLLATE=utf8_bin COMMENT='Types of Visibility' AUTO_INCREMENT=4 ;

--
-- Dumping data for table `app_visibility_type`
--

INSERT INTO `app_visibility_type` (`visibility_type_id`, `visibility_type_name`) VALUES
(1, 'Privado'),
(2, 'Compartido'),
(3, 'Público');

-- --------------------------------------------------------

--
-- Table structure for table `pages`
--

DROP TABLE IF EXISTS `pages`;
CREATE TABLE IF NOT EXISTS `pages` (
  `page_id` int(11) NOT NULL AUTO_INCREMENT,
  `app_id` int(11) NOT NULL,
  `title` varchar(100) COLLATE utf8_bin NOT NULL,
  `description` varchar(1000) COLLATE utf8_bin NOT NULL,
  `visibility_type_id` int(11) NOT NULL,
  `created_datetime` datetime NOT NULL DEFAULT CURRENT_TIMESTAMP,
  `modified_datetime` timestamp NULL DEFAULT CURRENT_TIMESTAMP ON UPDATE CURRENT_TIMESTAMP,
  `deleted_datetime` datetime DEFAULT NULL,
  PRIMARY KEY (`page_id`),
  KEY `app_id` (`app_id`)
) ENGINE=InnoDB  DEFAULT CHARSET=utf8 COLLATE=utf8_bin AUTO_INCREMENT=3 ;

--
-- Dumping data for table `pages`
--

INSERT INTO `pages` (`page_id`, `app_id`, `title`, `description`, `visibility_type_id`, `created_datetime`, `modified_datetime`, `deleted_datetime`) VALUES
(1, 17, 'DHT SENSOR EXHIBIT', 'This page exhibits results from DHT Sensor Sample.', 1, '2015-03-25 20:20:33', '2015-03-26 02:23:12', NULL),
(2, 17, 'DHT11 PROJECT CONFIG', 'A page to configure DHT Project.', 1, '2015-03-25 20:23:44', '2015-03-26 02:23:53', NULL);

-- --------------------------------------------------------

--
-- Table structure for table `sessions`
--

DROP TABLE IF EXISTS `sessions`;
CREATE TABLE IF NOT EXISTS `sessions` (
  `session_id` int(11) NOT NULL AUTO_INCREMENT,
  `account_id` int(11) NOT NULL,
  `token` varchar(200) COLLATE utf8_bin NOT NULL,
  `expiration_datetime` datetime NOT NULL,
  `created_datetime` datetime NOT NULL,
  `modified_datetime` timestamp NOT NULL DEFAULT CURRENT_TIMESTAMP ON UPDATE CURRENT_TIMESTAMP,
  PRIMARY KEY (`session_id`),
  UNIQUE KEY `token` (`token`),
  KEY `account_id` (`account_id`)
) ENGINE=InnoDB  DEFAULT CHARSET=utf8 COLLATE=utf8_bin COMMENT='Client Sessions' AUTO_INCREMENT=42 ;

--
-- Dumping data for table `sessions`
--

INSERT INTO `sessions` (`session_id`, `account_id`, `token`, `expiration_datetime`, `created_datetime`, `modified_datetime`) VALUES
(14, 1, '99aa3867e0d35758252f456b80d89c2b1bce167c', '2014-12-17 01:00:58', '2014-12-16 23:54:05', '2014-12-17 06:00:58'),
(15, 1, '021817a0fd8425d50b234ab26997654984e16a46', '2015-03-17 18:45:58', '2015-03-17 17:28:45', '2015-03-17 23:45:58'),
(16, 1, 'dd685f52e028a187d26f138364160985011f032a', '2015-03-17 22:17:09', '2015-03-17 21:06:30', '2015-03-18 03:17:09'),
(17, 1, '81d995c44a398e960bf249c410ed1798ec015866', '2015-03-18 10:57:40', '2015-03-18 09:14:04', '2015-03-18 15:57:40'),
(18, 1, '03ce3c0d6049fb810227f7ec2a7aa2237c93e5ff', '2015-03-18 18:19:40', '2015-03-18 17:19:39', '2015-03-18 23:19:40'),
(19, 1, 'fe5a9db0edc3f54ede8eae0a460b66f87b1b7265', '2015-03-19 15:37:42', '2015-03-19 15:26:49', '2015-03-19 21:37:42'),
(20, 1, 'bb7b45c2ad95f601127e5d0e2700a5ab9850fc34', '2015-03-19 15:42:56', '2015-03-19 15:38:04', '2015-03-19 21:42:56'),
(21, 1, '90129a2051bebf0080fed2b8a65da92e9bea6889', '2015-03-19 16:43:12', '2015-03-19 15:43:11', '2015-03-19 21:43:12'),
(22, 1, '751527dbbf40c7dd278188c7afb637d9339fa46b', '2015-03-24 22:12:49', '2015-03-24 20:05:28', '2015-03-25 04:12:49'),
(23, 1, 'd0cb096bbb696e07e1fbcfe8994d1c28d0acc7f2', '2015-03-24 22:56:30', '2015-03-24 22:12:54', '2015-03-25 04:56:30'),
(24, 1, 'c5d97e0bb7a7af326fd37f2240fc8f24352e6c68', '2015-03-24 22:56:47', '2015-03-24 22:56:32', '2015-03-25 04:56:47'),
(25, 1, '694c41343aed1bcaacf66fed8ec1d53a88beb1d1', '2015-03-24 23:59:28', '2015-03-24 22:56:51', '2015-03-25 04:59:28'),
(26, 1, 'e7906786db97f23a94cda01e7323cbb5c4ac8fa0', '2015-03-25 00:04:28', '2015-03-24 23:03:21', '2015-03-25 05:04:28'),
(27, 1, '3ae5cb7d56bfd6d75ff4afdd7c31f1b5e1d34fce', '2015-03-25 09:31:39', '2015-03-25 09:05:06', '2015-03-25 15:31:39'),
(28, 1, '08ab5e63fbe841f6c7207612ec7e2078f9e2b42f', '2015-03-25 10:03:55', '2015-03-25 09:31:46', '2015-03-25 16:03:55'),
(29, 1, '2567e776877204a01767ada10a7b2f5f31c49292', '2015-03-25 11:47:51', '2015-03-25 10:19:13', '2015-03-25 16:47:51'),
(30, 1, '387743dfdd2c327ee485aa06364567b22ad95d48', '2015-03-25 15:04:36', '2015-03-25 11:41:39', '2015-03-25 20:04:36'),
(31, 1, '8257b9eecfb2622e2cb624c1a4204dd1d4739b4b', '2015-03-25 14:26:50', '2015-03-25 12:33:55', '2015-03-25 19:26:50'),
(32, 1, '43712b3917ada1d746c8dc35c14a48df408b67a3', '2015-03-25 19:15:55', '2015-03-25 15:26:48', '2015-03-26 00:15:55'),
(33, 1, 'b627107c69ad488597ca21975a2b01b8c91eabed', '2015-03-25 18:11:28', '2015-03-25 16:57:42', '2015-03-25 23:11:28'),
(34, 1, '042dab5bcdb15b38da479ed4e23075d5a0bffe1c', '2015-03-25 19:24:13', '2015-03-25 18:18:09', '2015-03-26 00:24:13'),
(35, 1, 'd9becdae3e4d5b5c69c2fa342f4d12270fe20e49', '2015-03-25 21:23:03', '2015-03-25 20:21:47', '2015-03-26 02:23:03'),
(36, 1, '2a94cec555a36ffd99fd662c9d4bc1ca74172641', '2015-03-25 22:39:03', '2015-03-25 21:25:20', '2015-03-26 03:39:03'),
(37, 1, 'f0c585f783b71a7de841e020f015083e96251ca6', '2015-03-25 22:06:51', '2015-03-25 21:42:15', '2015-03-26 04:06:51'),
(38, 1, '0671318230faea2c1c1ac2fbe17059d16acb1df2', '2015-03-25 23:32:31', '2015-03-25 22:07:34', '2015-03-26 04:32:31'),
(39, 1, '46d41523d0c66088b813757861cfd92d132e7aed', '2015-03-26 11:00:02', '2015-03-26 09:19:57', '2015-03-26 16:00:02'),
(40, 1, 'e9066e614f28609816d2501aa4acd7b63892be04', '2015-03-26 12:06:04', '2015-03-26 10:15:59', '2015-03-26 17:06:04'),
(41, 1, '415ddc3e240f677c5a4b5b443ccffe11d0ff1d33', '2015-03-26 12:18:29', '2015-03-26 11:06:29', '2015-03-26 17:18:29');

-- --------------------------------------------------------

--
-- Table structure for table `vse_data`
--

DROP TABLE IF EXISTS `vse_data`;
CREATE TABLE IF NOT EXISTS `vse_data` (
  `entry_id` int(11) NOT NULL AUTO_INCREMENT,
  `app_id` int(11) NOT NULL,
  `vse_label` varchar(50) COLLATE utf8_bin NOT NULL,
  `vse_value` varchar(200) COLLATE utf8_bin NOT NULL,
  `vse_type` varchar(50) COLLATE utf8_bin NOT NULL,
  `vse_annotations` text COLLATE utf8_bin,
  `captured_datetime` datetime NOT NULL,
  `created_datetime` datetime NOT NULL DEFAULT CURRENT_TIMESTAMP,
  PRIMARY KEY (`entry_id`),
  KEY `app_id` (`app_id`)
) ENGINE=InnoDB  DEFAULT CHARSET=utf8 COLLATE=utf8_bin AUTO_INCREMENT=291 ;

--
-- Dumping data for table `vse_data`
--

INSERT INTO `vse_data` (`entry_id`, `app_id`, `vse_label`, `vse_value`, `vse_type`, `vse_annotations`, `captured_datetime`, `created_datetime`) VALUES
(2, 1, 'DIRECT pvCloud TEST', '12345', 'NUNMERICO', NULL, '2015-03-18 17:19:47', '2015-03-18 19:42:09'),
(3, 1, 'DIRECT pvCloud TEST', '12345', 'NUNMERICO', NULL, '2015-03-18 17:19:47', '2015-03-18 19:42:10'),
(4, 1, 'DIRECT pvCloud TEST', '12345', 'NUNMERICO', NULL, '2015-03-18 17:19:47', '2015-03-18 19:42:10'),
(5, 1, 'DIRECT pvCloud TEST', '12345', 'NUNMERICO', NULL, '2015-03-18 17:19:47', '2015-03-18 19:42:11'),
(6, 1, 'DIRECT pvCloud TEST', '12345', 'NUNMERICO', NULL, '2015-03-18 17:19:47', '2015-03-18 19:42:11'),
(7, 1, 'DIRECT pvCloud TEST', '12345', 'NUNMERICO', NULL, '2015-03-18 17:19:47', '2015-03-18 19:42:11'),
(8, 1, 'DIRECT pvCloud TEST', '12345', 'NUNMERICO', NULL, '2015-03-18 17:19:47', '2015-03-18 19:42:11'),
(9, 1, 'DIRECT pvCloud TEST', '12345', 'NUNMERICO', NULL, '2015-03-18 17:19:47', '2015-03-18 19:42:11'),
(10, 1, 'DIRECT pvCloud TEST', '12345', 'NUNMERICO', NULL, '2015-03-18 17:19:47', '2015-03-18 19:42:11'),
(11, 1, 'DIRECT pvCloud TEST', '12345', 'NUNMERICO', NULL, '2015-03-18 17:19:47', '2015-03-18 19:42:11'),
(12, 1, 'DIRECT pvCloud TEST', '12345', 'NUNMERICO', NULL, '2015-03-18 17:19:47', '2015-03-18 19:42:12'),
(13, 1, 'DIRECT pvCloud TEST', '12345', 'NUNMERICO', NULL, '2015-03-18 17:19:47', '2015-03-18 19:42:12'),
(14, 1, 'DIRECT pvCloud TEST', '12345', 'NUNMERICO', NULL, '2015-03-18 17:19:47', '2015-03-18 19:42:12'),
(15, 1, 'DIRECT pvCloud TEST', '12345', 'NUNMERICO', NULL, '2015-03-18 17:19:47', '2015-03-18 19:42:12'),
(16, 1, 'DIRECT pvCloud TEST', '12345', 'NUNMERICO', NULL, '2015-03-18 17:19:47', '2015-03-18 19:42:12'),
(17, 1, 'DIRECT pvCloud TEST', '12345', 'NUNMERICO', NULL, '2015-03-18 17:19:47', '2015-03-18 19:42:13'),
(18, 1, 'DIRECT pvCloud TEST', '12345', 'NUNMERICO', NULL, '2015-03-18 17:19:47', '2015-03-18 19:42:13'),
(19, 1, 'DIRECT pvCloud TEST', '12345', 'NUNMERICO', NULL, '2015-03-18 17:19:47', '2015-03-18 19:42:13'),
(20, 1, 'DIRECT pvCloud TEST', '12345', 'NUNMERICO', NULL, '2015-03-18 17:19:47', '2015-03-18 19:42:13'),
(21, 1, 'DIRECT pvCloud TEST', '12345', 'NUNMERICO', NULL, '2015-03-18 17:19:47', '2015-03-18 19:42:13'),
(22, 1, 'DIRECT pvCloud TEST', '12345', 'NUNMERICO', NULL, '2015-03-18 17:19:47', '2015-03-18 19:42:13'),
(23, 1, 'DIRECT pvCloud TEST', '12345', 'NUNMERICO', NULL, '2015-03-18 17:19:47', '2015-03-18 19:42:14'),
(24, 1, 'DIRECT pvCloud TEST', '12345', 'NUNMERICO', NULL, '2015-03-18 17:19:47', '2015-03-18 19:42:14'),
(25, 1, 'DIRECT pvCloud TEST', '12345', 'NUNMERICO', NULL, '2015-03-18 17:19:47', '2015-03-18 19:42:14'),
(26, 1, 'DIRECT pvCloud TEST', '12345', 'NUNMERICO', NULL, '2015-03-18 17:19:47', '2015-03-18 19:42:14'),
(27, 1, 'DIRECT pvCloud TEST', '12345', 'NUNMERICO', NULL, '2015-03-18 17:19:47', '2015-03-18 19:42:14'),
(28, 1, 'DIRECT pvCloud TEST', '12345', 'NUNMERICO', NULL, '2015-03-18 17:19:47', '2015-03-18 19:42:14'),
(29, 1, 'DIRECT pvCloud TEST', '12345', 'NUNMERICO', NULL, '2015-03-18 17:19:47', '2015-03-18 19:42:14'),
(30, 1, 'DIRECT pvCloud TEST', '12345', 'NUNMERICO', NULL, '2015-03-18 17:19:47', '2015-03-18 19:42:14'),
(31, 1, 'DIRECT pvCloud TEST', '12345', 'NUNMERICO', NULL, '2015-03-18 17:19:47', '2015-03-18 19:42:14'),
(32, 1, 'DIRECT pvCloud TEST', '12345', 'NUNMERICO', NULL, '2015-03-18 17:19:47', '2015-03-18 19:42:14'),
(33, 1, 'DIRECT pvCloud TEST', '12345', 'NUNMERICO', NULL, '2015-03-18 17:19:47', '2015-03-18 19:42:14'),
(34, 1, 'DIRECT pvCloud TEST', '12345', 'NUNMERICO', NULL, '2015-03-18 17:19:47', '2015-03-18 19:42:14'),
(35, 1, 'DIRECT pvCloud TEST', '12345', 'NUNMERICO', NULL, '2015-03-18 17:19:47', '2015-03-18 19:42:14'),
(36, 1, 'DIRECT pvCloud TEST', '12345', 'NUNMERICO', NULL, '2015-03-18 17:19:47', '2015-03-18 19:42:14'),
(37, 1, 'DIRECT pvCloud TEST', '12345', 'NUNMERICO', NULL, '2015-03-18 17:19:47', '2015-03-18 19:42:14'),
(38, 1, 'DIRECT pvCloud TEST', '12345', 'NUNMERICO', NULL, '2015-03-18 17:19:47', '2015-03-18 19:42:14'),
(39, 1, 'DIRECT pvCloud TEST', '12345', 'NUNMERICO', NULL, '2015-03-18 17:19:47', '2015-03-18 19:42:14'),
(40, 1, 'DIRECT pvCloud TEST', '12345', 'NUNMERICO', NULL, '2015-03-18 17:19:47', '2015-03-18 19:42:14'),
(41, 1, 'DIRECT pvCloud TEST', '12345', 'NUNMERICO', NULL, '2015-03-18 17:19:47', '2015-03-18 19:42:14'),
(42, 1, 'DIRECT pvCloud TEST', '12345', 'NUNMERICO', NULL, '2015-03-18 17:19:47', '2015-03-18 19:42:14'),
(43, 1, 'DIRECT pvCloud TEST', '12345', 'NUNMERICO', NULL, '2015-03-18 17:19:47', '2015-03-18 19:42:14'),
(44, 1, 'DIRECT pvCloud TEST', '12345', 'NUNMERICO', NULL, '2015-03-18 17:19:47', '2015-03-18 19:42:14'),
(45, 1, 'DIRECT pvCloud TEST', '12345', 'NUNMERICO', NULL, '2015-03-18 17:19:47', '2015-03-18 19:42:14'),
(46, 1, 'DIRECT pvCloud TEST', '12345', 'NUNMERICO', NULL, '2015-03-18 17:19:47', '2015-03-18 19:42:14'),
(47, 1, 'DIRECT pvCloud TEST', '12345', 'NUNMERICO', NULL, '2015-03-18 17:19:47', '2015-03-18 19:42:14'),
(48, 1, 'DIRECT pvCloud TEST', '12345', 'NUNMERICO', NULL, '2015-03-18 17:19:47', '2015-03-18 19:42:14'),
(49, 1, 'DIRECT pvCloud TEST', '12345', 'NUNMERICO', NULL, '2015-03-18 17:19:47', '2015-03-18 19:42:14'),
(50, 1, 'DIRECT pvCloud TEST', '12345', 'NUNMERICO', NULL, '2015-03-18 17:19:47', '2015-03-18 19:42:14'),
(51, 1, 'DIRECT pvCloud TEST', '12345', 'NUNMERICO', NULL, '2015-03-18 17:19:47', '2015-03-18 19:42:14'),
(52, 1, 'DIRECT pvCloud TEST', '12345', 'NUNMERICO', NULL, '2015-03-18 17:19:47', '2015-03-18 19:42:14'),
(53, 1, 'DIRECT pvCloud TEST', '12345', 'NUNMERICO', NULL, '2015-03-18 17:19:47', '2015-03-18 19:42:14'),
(54, 1, 'DIRECT pvCloud TEST', '12345', 'NUNMERICO', NULL, '2015-03-18 17:19:47', '2015-03-18 19:42:14'),
(55, 1, 'DIRECT pvCloud TEST', '12345', 'NUNMERICO', NULL, '2015-03-18 17:19:47', '2015-03-18 19:42:15'),
(56, 1, 'DIRECT pvCloud TEST', '12345', 'NUNMERICO', NULL, '2015-03-18 17:19:47', '2015-03-18 19:42:15'),
(57, 1, 'DIRECT pvCloud TEST', '12345', 'NUNMERICO', NULL, '2015-03-18 17:19:47', '2015-03-18 19:42:15'),
(58, 1, 'DIRECT pvCloud TEST', '12345', 'NUNMERICO', NULL, '2015-03-18 17:19:47', '2015-03-18 19:42:15'),
(59, 1, 'DIRECT pvCloud TEST', '12345', 'NUNMERICO', NULL, '2015-03-18 17:19:47', '2015-03-18 19:42:15'),
(60, 1, 'DIRECT pvCloud TEST', '12345', 'NUNMERICO', NULL, '2015-03-18 17:19:47', '2015-03-18 19:42:15'),
(61, 1, 'DIRECT pvCloud TEST', '12345', 'NUNMERICO', NULL, '2015-03-18 17:19:47', '2015-03-18 19:42:15'),
(62, 1, 'DIRECT pvCloud TEST', '12345', 'NUNMERICO', NULL, '2015-03-18 17:19:47', '2015-03-18 19:42:15'),
(63, 1, 'DIRECT pvCloud TEST', '12345', 'NUNMERICO', NULL, '2015-03-18 17:19:47', '2015-03-18 19:42:15'),
(64, 1, 'DIRECT pvCloud TEST', '12345', 'NUNMERICO', NULL, '2015-03-18 17:19:47', '2015-03-18 19:42:15'),
(65, 1, 'DIRECT pvCloud TEST', '12345', 'NUNMERICO', NULL, '2015-03-18 17:19:47', '2015-03-18 19:42:15'),
(66, 1, 'DIRECT pvCloud TEST', '12345', 'NUNMERICO', NULL, '2015-03-18 17:19:47', '2015-03-18 19:42:15'),
(67, 1, 'DIRECT pvCloud TEST', '12345', 'NUNMERICO', NULL, '2015-03-18 17:19:47', '2015-03-18 19:42:15'),
(68, 1, 'DIRECT pvCloud TEST', '12345', 'NUNMERICO', NULL, '2015-03-18 17:19:47', '2015-03-18 19:42:15'),
(69, 1, 'DIRECT pvCloud TEST', '12345', 'NUNMERICO', NULL, '2015-03-18 17:19:47', '2015-03-18 19:42:15'),
(70, 1, 'DIRECT pvCloud TEST', '12345', 'NUNMERICO', NULL, '2015-03-18 17:19:47', '2015-03-18 19:42:15'),
(71, 1, 'DIRECT pvCloud TEST', '12345', 'NUNMERICO', NULL, '2015-03-18 17:19:47', '2015-03-18 19:42:15'),
(72, 1, 'DIRECT pvCloud TEST', '12345', 'NUNMERICO', NULL, '2015-03-18 17:19:47', '2015-03-18 19:42:15'),
(73, 1, 'DIRECT pvCloud TEST', '12345', 'NUNMERICO', NULL, '2015-03-18 17:19:47', '2015-03-18 19:42:15'),
(74, 1, 'DIRECT pvCloud TEST', '12345', 'NUNMERICO', NULL, '2015-03-18 17:19:47', '2015-03-18 19:42:15'),
(75, 1, 'DIRECT pvCloud TEST', '12345', 'NUNMERICO', NULL, '2015-03-18 17:19:47', '2015-03-18 19:42:15'),
(76, 1, 'DIRECT pvCloud "" TEST', '12345', 'NUNMERICO', NULL, '2015-03-18 17:19:47', '2015-03-18 19:42:15'),
(77, 1, 'DIRECT pvCloud TEST""', 'OK', 'NUNMERICO', NULL, '2015-03-18 17:19:47', '2015-03-18 19:42:15'),
(78, 1, '"DIRECT pvCloud TEST"', '{"h":"90","t":"25","Idx":"10"}', 'NUNMERICO', NULL, '2015-03-18 17:19:47', '2015-03-18 19:42:15'),
(79, 1, 'DIRECT pvCloud "TEST', '{"t":"42","h":"40"}', 'NUNMERICO', NULL, '2015-03-18 17:19:47', '2015-03-18 19:42:15'),
(80, 1, 'DIRECT "pvCloud" TEST', '{"t":"25","h":"55"}', 'NUNMERICO', NULL, '2015-03-18 17:19:47', '2015-03-18 19:42:15'),
(81, 12, 'DIRECT pvCloud TEST', '12345', 'NUNMERICO', NULL, '2012-01-01 10:00:00', '2015-03-25 17:54:37'),
(82, 12, 'DIRECT pvCloud TEST', '12345', 'NUNMERICO', NULL, '2012-01-01 10:00:00', '2015-03-25 17:54:39'),
(83, 12, 'DIRECT pvCloud TEST', '12345', 'NUNMERICO', NULL, '2012-01-01 10:00:00', '2015-03-25 17:54:39'),
(84, 12, 'DIRECT pvCloud TEST', '12345', 'NUNMERICO', NULL, '2012-01-01 10:00:00', '2015-03-25 17:54:39'),
(85, 12, 'DIRECT pvCloud TEST', '12345', 'NUNMERICO', NULL, '2012-01-01 10:00:00', '2015-03-25 17:54:40'),
(86, 12, 'DIRECT pvCloud TEST', '12345', 'NUNMERICO', NULL, '2012-01-01 10:00:00', '2015-03-25 17:54:40'),
(87, 12, 'DIRECT pvCloud TEST', '12345', 'NUNMERICO', NULL, '2012-01-01 10:00:00', '2015-03-25 17:54:40'),
(88, 12, 'DIRECT pvCloud TEST', '12345', 'NUNMERICO', NULL, '2012-01-01 10:00:00', '2015-03-25 17:54:40'),
(89, 12, 'DIRECT pvCloud TEST', '12345', 'NUNMERICO', NULL, '2012-01-01 10:00:00', '2015-03-25 17:54:40'),
(90, 12, 'DIRECT pvCloud TEST', '12345', 'NUNMERICO', NULL, '2012-01-01 10:00:00', '2015-03-25 17:54:40'),
(91, 12, 'DIRECT pvCloud TEST', '12345', 'NUNMERICO', NULL, '0000-00-00 00:00:00', '2015-03-25 18:00:23'),
(92, 12, 'DIRECT pvCloud TEST', '12345', 'NUNMERICO', NULL, '2015-03-26 01:00:31', '2015-03-25 18:00:31'),
(93, 12, 'DIRECT pvCloud TEST', '12345', 'NUNMERICO', NULL, '2015-03-26 01:00:51', '2015-03-25 18:00:51'),
(94, 12, 'DIRECT pvCloud TEST', '12345', 'NUNMERICO', NULL, '2015-03-26 01:00:51', '2015-03-25 18:00:51'),
(95, 12, 'DIRECT pvCloud TEST', '12345', 'NUNMERICO', NULL, '2015-03-26 01:00:51', '2015-03-25 18:00:51'),
(96, 12, 'DIRECT pvCloud TEST', '12345', 'NUNMERICO', NULL, '2015-03-26 01:00:52', '2015-03-25 18:00:52'),
(97, 12, 'DIRECT pvCloud TEST', '12345', 'NUNMERICO', NULL, '2015-03-26 01:00:52', '2015-03-25 18:00:52'),
(98, 12, 'DIRECT pvCloud TEST', '12345', 'NUNMERICO', NULL, '2015-03-26 01:00:52', '2015-03-25 18:00:52'),
(99, 12, 'DIRECT pvCloud TEST', '12345', 'NUNMERICO', NULL, '2015-03-26 01:00:52', '2015-03-25 18:00:52'),
(100, 12, 'DIRECT pvCloud TEST', '12345', 'NUNMERICO', NULL, '2015-03-26 01:00:52', '2015-03-25 18:00:52'),
(101, 12, 'DIRECT pvCloud TEST', '12345', 'NUNMERICO', NULL, '2015-03-26 01:00:52', '2015-03-25 18:00:52'),
(102, 12, 'DIRECT pvCloud TEST', '12345', 'NUNMERICO', NULL, '2015-03-26 01:00:52', '2015-03-25 18:00:52'),
(103, 12, 'DIRECT pvCloud TEST', '12345', 'NUNMERICO', NULL, '2015-03-26 01:00:53', '2015-03-25 18:00:53'),
(104, 13, 'DIRECT pvCloud TEST', '12345', 'NUNMERICO', NULL, '2015-03-26 01:04:27', '2015-03-25 18:04:27'),
(105, 13, 'DIRECT pvCloud TEST', '12345', 'NUNMERICO', NULL, '2015-03-26 01:04:29', '2015-03-25 18:04:29'),
(106, 13, 'DIRECT pvCloud TEST', '12345', 'NUNMERICO', NULL, '2015-03-26 01:04:30', '2015-03-25 18:04:30'),
(107, 13, 'DIRECT pvCloud TEST', '12345', 'NUNMERICO', NULL, '2015-03-26 01:04:30', '2015-03-25 18:04:30'),
(108, 13, 'DIRECT pvCloud TEST', '12345', 'NUNMERICO', NULL, '2015-03-26 01:04:30', '2015-03-25 18:04:30'),
(109, 13, 'DIRECT pvCloud TEST', '12345', 'NUNMERICO', NULL, '2015-03-26 01:04:30', '2015-03-25 18:04:30'),
(110, 13, 'DIRECT pvCloud TEST', '12345', 'NUNMERICO', NULL, '2015-03-26 01:04:30', '2015-03-25 18:04:30'),
(111, 13, 'DIRECT pvCloud TEST', '12345', 'NUNMERICO', NULL, '2015-03-26 01:04:30', '2015-03-25 18:04:30'),
(112, 13, 'DIRECT pvCloud TEST', '12345', 'NUNMERICO', NULL, '2015-03-26 01:04:30', '2015-03-25 18:04:30'),
(113, 13, 'DIRECT pvCloud TEST', '12345', 'NUNMERICO', NULL, '2015-03-26 01:04:30', '2015-03-25 18:04:30'),
(114, 13, 'DIRECT pvCloud TEST', '12345', 'NUNMERICO', NULL, '2015-03-26 01:04:30', '2015-03-25 18:04:30'),
(115, 13, 'DIRECT pvCloud TEST', '12345', 'NUNMERICO', NULL, '2015-03-26 01:04:30', '2015-03-25 18:04:30'),
(116, 13, 'DIRECT pvCloud TEST', '12345', 'NUNMERICO', NULL, '2015-03-26 01:04:30', '2015-03-25 18:04:30'),
(117, 13, 'DIRECT pvCloud TEST', '12345', 'NUNMERICO', NULL, '2015-03-26 01:04:30', '2015-03-25 18:04:30'),
(118, 13, 'DIRECT pvCloud TEST', '12345', 'NUNMERICO', NULL, '2015-03-26 01:04:30', '2015-03-25 18:04:30'),
(119, 13, 'DIRECT pvCloud TEST', '12345', 'NUNMERICO', NULL, '2015-03-26 01:04:30', '2015-03-25 18:04:30'),
(120, 13, 'DIRECT pvCloud TEST', '12345', 'NUNMERICO', NULL, '2015-03-26 01:04:30', '2015-03-25 18:04:30'),
(121, 13, 'DIRECT pvCloud TEST', '12345', 'NUNMERICO', NULL, '2015-03-26 01:04:30', '2015-03-25 18:04:30'),
(122, 13, 'DIRECT pvCloud TEST', '12345', 'NUNMERICO', NULL, '2015-03-26 01:04:30', '2015-03-25 18:04:30'),
(123, 13, 'DIRECT pvCloud TEST', '12345', 'NUNMERICO', NULL, '2015-03-26 01:04:30', '2015-03-25 18:04:30'),
(124, 13, 'DIRECT pvCloud TEST', '12345', 'NUNMERICO', NULL, '2015-03-26 01:04:30', '2015-03-25 18:04:30'),
(125, 13, 'DIRECT pvCloud TEST', '12345', 'NUNMERICO', NULL, '2015-03-26 01:04:30', '2015-03-25 18:04:30'),
(126, 13, 'DIRECT pvCloud TEST', '12345', 'NUNMERICO', NULL, '2015-03-26 01:04:30', '2015-03-25 18:04:30'),
(127, 13, 'DIRECT pvCloud TEST', '12345', 'NUNMERICO', NULL, '2015-03-26 01:04:30', '2015-03-25 18:04:30'),
(128, 13, 'DIRECT pvCloud TEST', '12345', 'NUNMERICO', NULL, '2015-03-26 01:04:30', '2015-03-25 18:04:30'),
(129, 13, 'DIRECT pvCloud TEST', '12345', 'NUNMERICO', NULL, '2015-03-26 01:04:31', '2015-03-25 18:04:31'),
(130, 13, 'DIRECT pvCloud TEST', '12345', 'NUNMERICO', NULL, '2015-03-26 01:04:31', '2015-03-25 18:04:31'),
(131, 13, 'DIRECT pvCloud TEST', '12345', 'NUNMERICO', NULL, '2015-03-26 01:04:31', '2015-03-25 18:04:31'),
(132, 13, 'DIRECT pvCloud TEST', '12345', 'NUNMERICO', NULL, '2015-03-26 01:04:31', '2015-03-25 18:04:31'),
(133, 13, 'DIRECT pvCloud TEST', '12345', 'NUNMERICO', NULL, '2015-03-26 01:04:31', '2015-03-25 18:04:31'),
(134, 13, 'DIRECT pvCloud TEST', '12345', 'NUNMERICO', NULL, '2015-03-26 01:04:31', '2015-03-25 18:04:31'),
(135, 13, 'DIRECT pvCloud TEST', '12345', 'NUNMERICO', NULL, '2015-03-26 01:04:31', '2015-03-25 18:04:31'),
(136, 13, 'DIRECT pvCloud TEST', '12345', 'NUNMERICO', NULL, '2015-03-26 01:04:31', '2015-03-25 18:04:31'),
(137, 13, 'DIRECT pvCloud TEST', '12345', 'NUNMERICO', NULL, '2015-03-26 01:04:31', '2015-03-25 18:04:31'),
(138, 13, 'DIRECT pvCloud TEST', '12345', 'NUNMERICO', NULL, '2015-03-26 01:04:31', '2015-03-25 18:04:31'),
(139, 13, 'DIRECT pvCloud TEST', '12345', 'NUNMERICO', NULL, '2015-03-26 01:04:31', '2015-03-25 18:04:31'),
(140, 13, 'DIRECT pvCloud TEST', '12345', 'NUNMERICO', NULL, '2015-03-26 01:04:31', '2015-03-25 18:04:31'),
(141, 13, 'DIRECT pvCloud TEST', '12345', 'NUNMERICO', NULL, '2015-03-26 01:04:31', '2015-03-25 18:04:31'),
(142, 13, 'DIRECT pvCloud TEST', '12345', 'NUNMERICO', NULL, '2015-03-26 01:04:31', '2015-03-25 18:04:31'),
(143, 13, 'DIRECT pvCloud TEST', '12345', 'NUNMERICO', NULL, '2015-03-26 01:04:31', '2015-03-25 18:04:31'),
(144, 13, 'DIRECT pvCloud TEST', '12345', 'NUNMERICO', NULL, '2015-03-26 01:04:31', '2015-03-25 18:04:31'),
(145, 13, 'DIRECT pvCloud TEST', '12345', 'NUNMERICO', NULL, '2015-03-26 01:04:31', '2015-03-25 18:04:31'),
(146, 13, 'DIRECT pvCloud TEST', '12345', 'NUNMERICO', NULL, '2015-03-26 01:04:31', '2015-03-25 18:04:31'),
(147, 13, 'DIRECT pvCloud TEST', '12345', 'NUNMERICO', NULL, '2015-03-26 01:04:31', '2015-03-25 18:04:31'),
(148, 13, 'DIRECT pvCloud TEST', '12345', 'NUNMERICO', NULL, '2015-03-26 01:04:31', '2015-03-25 18:04:31'),
(149, 13, 'DIRECT pvCloud TEST', '12345', 'NUNMERICO', NULL, '2015-03-26 01:04:31', '2015-03-25 18:04:31'),
(150, 13, 'DIRECT pvCloud TEST', '12345', 'NUNMERICO', NULL, '2015-03-26 01:04:31', '2015-03-25 18:04:31'),
(151, 13, 'DIRECT pvCloud TEST', '12345', 'NUNMERICO', NULL, '2015-03-26 01:04:31', '2015-03-25 18:04:31'),
(152, 13, 'DIRECT pvCloud TEST', '12345', 'NUNMERICO', NULL, '2015-03-26 01:04:31', '2015-03-25 18:04:31'),
(153, 13, 'DIRECT pvCloud TEST', '12345', 'NUNMERICO', NULL, '2015-03-26 01:04:31', '2015-03-25 18:04:31'),
(154, 13, 'DIRECT pvCloud TEST', '12345', 'NUNMERICO', NULL, '2015-03-26 01:04:31', '2015-03-25 18:04:31'),
(155, 13, 'DIRECT pvCloud TEST', '12345', 'NUNMERICO', NULL, '2015-03-26 01:04:31', '2015-03-25 18:04:31'),
(156, 13, 'DIRECT pvCloud TEST', '12345', 'NUNMERICO', NULL, '2015-03-26 01:04:31', '2015-03-25 18:04:31'),
(157, 13, 'DIRECT pvCloud TEST', '12345', 'NUNMERICO', NULL, '2015-03-26 01:04:31', '2015-03-25 18:04:31'),
(158, 13, 'DIRECT pvCloud TEST', '12345', 'NUNMERICO', NULL, '2015-03-26 01:04:31', '2015-03-25 18:04:31'),
(159, 13, 'DIRECT pvCloud TEST', '12345', 'NUNMERICO', NULL, '2015-03-26 01:04:32', '2015-03-25 18:04:32'),
(160, 13, 'DIRECT pvCloud TEST', '12345', 'NUNMERICO', NULL, '2015-03-26 01:04:32', '2015-03-25 18:04:32'),
(161, 13, 'DIRECT pvCloud TEST', '12345', 'NUNMERICO', NULL, '2015-03-26 01:04:32', '2015-03-25 18:04:32'),
(162, 13, 'DIRECT pvCloud TEST', '12345', 'NUNMERICO', NULL, '2015-03-26 01:04:32', '2015-03-25 18:04:32'),
(163, 13, 'DIRECT pvCloud TEST', '12345', 'NUNMERICO', NULL, '2015-03-26 01:04:32', '2015-03-25 18:04:32'),
(164, 13, 'DIRECT pvCloud TEST', '12345', 'NUNMERICO', NULL, '2015-03-26 01:04:32', '2015-03-25 18:04:32'),
(165, 13, 'DIRECT pvCloud TEST', '12345', 'NUNMERICO', NULL, '2015-03-26 01:04:32', '2015-03-25 18:04:32'),
(166, 13, 'DIRECT pvCloud TEST', '12345', 'NUNMERICO', NULL, '2015-03-26 01:04:32', '2015-03-25 18:04:32'),
(167, 13, 'DIRECT pvCloud TEST', '12345', 'NUNMERICO', NULL, '2015-03-26 01:04:32', '2015-03-25 18:04:32'),
(168, 13, 'DIRECT pvCloud TEST', '12345', 'NUNMERICO', NULL, '2015-03-26 01:04:32', '2015-03-25 18:04:32'),
(169, 13, 'DIRECT pvCloud TEST', '12345', 'NUNMERICO', NULL, '2015-03-26 01:04:32', '2015-03-25 18:04:32'),
(170, 13, 'DIRECT pvCloud TEST', '12345', 'NUNMERICO', NULL, '2015-03-26 01:04:32', '2015-03-25 18:04:32'),
(171, 13, 'DIRECT pvCloud TEST', '12345', 'NUNMERICO', NULL, '2015-03-26 01:04:32', '2015-03-25 18:04:32'),
(172, 13, 'DIRECT pvCloud TEST', '12345', 'NUNMERICO', NULL, '2015-03-26 01:04:32', '2015-03-25 18:04:32'),
(173, 13, 'DIRECT pvCloud TEST', '12345', 'NUNMERICO', NULL, '2015-03-26 01:04:32', '2015-03-25 18:04:32'),
(174, 13, 'DIRECT pvCloud TEST', '12345', 'NUNMERICO', NULL, '2015-03-26 01:04:32', '2015-03-25 18:04:32'),
(175, 13, 'DIRECT pvCloud TEST', '12345', 'NUNMERICO', NULL, '2015-03-26 01:04:32', '2015-03-25 18:04:32'),
(176, 13, 'DIRECT pvCloud TEST', '12345', 'NUNMERICO', NULL, '2015-03-26 01:04:32', '2015-03-25 18:04:32'),
(177, 13, 'DIRECT pvCloud TEST', '12345', 'NUNMERICO', NULL, '2015-03-26 01:04:32', '2015-03-25 18:04:32'),
(178, 13, 'DIRECT pvCloud TEST', '12345', 'NUNMERICO', NULL, '2015-03-26 01:04:32', '2015-03-25 18:04:32'),
(179, 13, 'DIRECT pvCloud TEST', '12345', 'NUNMERICO', NULL, '2015-03-26 01:04:32', '2015-03-25 18:04:32'),
(180, 13, 'DIRECT pvCloud TEST', '12345', 'NUNMERICO', NULL, '2015-03-26 01:04:32', '2015-03-25 18:04:32'),
(181, 13, 'DIRECT pvCloud TEST', '12345', 'NUNMERICO', NULL, '2015-03-26 01:04:32', '2015-03-25 18:04:32'),
(182, 13, 'DIRECT pvCloud TEST', '12345', 'NUNMERICO', NULL, '2015-03-26 01:04:32', '2015-03-25 18:04:32'),
(183, 13, 'DIRECT pvCloud TEST', '12345', 'NUNMERICO', NULL, '2015-03-26 01:04:32', '2015-03-25 18:04:32'),
(184, 13, 'DIRECT pvCloud TEST', '12345', 'NUNMERICO', NULL, '2015-03-26 01:04:32', '2015-03-25 18:04:32'),
(185, 13, 'DIRECT pvCloud TEST', '12345', 'NUNMERICO', NULL, '2015-03-26 01:04:32', '2015-03-25 18:04:32'),
(186, 13, 'DIRECT pvCloud TEST', '12345', 'NUNMERICO', NULL, '2015-03-26 01:04:32', '2015-03-25 18:04:32'),
(187, 13, 'DIRECT pvCloud TEST', '12345', 'NUNMERICO', NULL, '2015-03-26 01:04:32', '2015-03-25 18:04:32'),
(188, 13, 'DIRECT pvCloud TEST', '12345', 'NUNMERICO', NULL, '2015-03-26 01:04:32', '2015-03-25 18:04:32'),
(189, 13, 'DIRECT pvCloud TEST', '12345', 'NUNMERICO', NULL, '2015-03-26 01:04:33', '2015-03-25 18:04:33'),
(190, 13, 'DIRECT pvCloud TEST', '12345', 'NUNMERICO', NULL, '2015-03-26 01:04:33', '2015-03-25 18:04:33'),
(191, 13, 'DIRECT pvCloud TEST', '12345', 'NUNMERICO', NULL, '2015-03-26 01:04:33', '2015-03-25 18:04:33'),
(192, 13, 'DIRECT pvCloud TEST', '12345', 'NUNMERICO', NULL, '2015-03-26 01:04:33', '2015-03-25 18:04:33'),
(193, 13, 'DIRECT pvCloud TEST', '12345', 'NUNMERICO', NULL, '2015-03-26 01:04:33', '2015-03-25 18:04:33'),
(194, 13, 'DIRECT pvCloud TEST', '12345', 'NUNMERICO', NULL, '2015-03-26 01:04:33', '2015-03-25 18:04:33'),
(195, 13, 'DIRECT pvCloud TEST', '12345', 'NUNMERICO', NULL, '2015-03-26 01:04:33', '2015-03-25 18:04:33'),
(196, 13, 'DIRECT pvCloud TEST', '12345', 'NUNMERICO', NULL, '2015-03-26 01:04:33', '2015-03-25 18:04:33'),
(197, 13, 'DIRECT pvCloud TEST', '12345', 'NUNMERICO', NULL, '2015-03-26 01:04:33', '2015-03-25 18:04:33'),
(198, 13, 'DIRECT pvCloud TEST', '12345', 'NUNMERICO', NULL, '2015-03-26 01:04:33', '2015-03-25 18:04:33'),
(199, 13, 'DIRECT pvCloud TEST', '12345', 'NUNMERICO', NULL, '2015-03-26 01:04:33', '2015-03-25 18:04:33'),
(200, 13, 'DIRECT pvCloud TEST', '12345', 'NUNMERICO', NULL, '2015-03-26 01:04:33', '2015-03-25 18:04:33'),
(201, 13, 'DIRECT pvCloud TEST', '12345', 'NUNMERICO', NULL, '2015-03-26 01:04:33', '2015-03-25 18:04:33'),
(202, 13, 'DIRECT pvCloud TEST', '12345', 'NUNMERICO', NULL, '2015-03-26 01:04:33', '2015-03-25 18:04:33'),
(203, 13, 'DIRECT pvCloud TEST', '12345', 'NUNMERICO', NULL, '2015-03-26 01:04:33', '2015-03-25 18:04:33'),
(204, 13, 'DIRECT pvCloud TEST', '12345', 'NUNMERICO', NULL, '2015-03-26 01:04:33', '2015-03-25 18:04:33'),
(205, 13, 'DIRECT pvCloud TEST', '12345', 'NUNMERICO', NULL, '2015-03-26 01:04:33', '2015-03-25 18:04:33'),
(206, 13, 'DIRECT pvCloud TEST', '12345', 'NUNMERICO', NULL, '2015-03-26 01:04:33', '2015-03-25 18:04:33'),
(207, 13, 'DIRECT pvCloud TEST', '12345', 'NUNMERICO', NULL, '2015-03-26 01:04:33', '2015-03-25 18:04:33'),
(208, 13, 'DIRECT pvCloud TEST', '12345', 'NUNMERICO', NULL, '2015-03-26 01:04:33', '2015-03-25 18:04:33'),
(209, 13, 'DIRECT pvCloud TEST', '12345', 'NUNMERICO', NULL, '2015-03-26 01:04:33', '2015-03-25 18:04:33'),
(210, 13, 'DIRECT pvCloud TEST', '12345', 'NUNMERICO', NULL, '2015-03-26 01:04:33', '2015-03-25 18:04:33'),
(211, 13, 'DIRECT pvCloud TEST', '12345', 'NUNMERICO', NULL, '2015-03-26 01:04:33', '2015-03-25 18:04:33'),
(212, 13, 'DIRECT pvCloud TEST', '12345', 'NUNMERICO', NULL, '2015-03-26 01:04:33', '2015-03-25 18:04:33'),
(213, 13, 'DIRECT pvCloud TEST', '12345', 'NUNMERICO', NULL, '2015-03-26 01:04:33', '2015-03-25 18:04:33'),
(214, 13, 'DIRECT pvCloud TEST', '12345', 'NUNMERICO', NULL, '2015-03-26 01:04:33', '2015-03-25 18:04:33'),
(215, 13, 'DIRECT pvCloud TEST', '12345', 'NUNMERICO', NULL, '2015-03-26 01:04:33', '2015-03-25 18:04:33'),
(216, 13, 'DIRECT pvCloud TEST', '12345', 'NUNMERICO', NULL, '2015-03-26 01:04:33', '2015-03-25 18:04:33'),
(217, 13, 'DIRECT pvCloud TEST', '12345', 'NUNMERICO', NULL, '2015-03-26 01:04:33', '2015-03-25 18:04:33'),
(218, 13, 'DIRECT pvCloud TEST', '12345', 'NUNMERICO', NULL, '2015-03-26 01:04:33', '2015-03-25 18:04:33'),
(219, 13, 'DIRECT pvCloud TEST', '12345', 'NUNMERICO', NULL, '2015-03-26 01:04:33', '2015-03-25 18:04:33'),
(220, 13, 'DIRECT pvCloud TEST', '12345', 'NUNMERICO', NULL, '2015-03-26 01:04:34', '2015-03-25 18:04:34'),
(221, 13, 'DIRECT pvCloud TEST', '12345', 'NUNMERICO', NULL, '2015-03-26 01:04:34', '2015-03-25 18:04:34'),
(222, 13, 'DIRECT pvCloud TEST', '12345', 'NUNMERICO', NULL, '2015-03-26 01:04:34', '2015-03-25 18:04:34'),
(223, 13, 'DIRECT pvCloud TEST', '12345', 'NUNMERICO', NULL, '2015-03-26 01:04:34', '2015-03-25 18:04:34'),
(224, 13, 'DIRECT pvCloud TEST', '12345', 'NUNMERICO', NULL, '2015-03-26 01:04:34', '2015-03-25 18:04:34'),
(225, 13, 'DIRECT pvCloud TEST', '12345', 'NUNMERICO', NULL, '2015-03-26 01:04:34', '2015-03-25 18:04:34'),
(226, 13, 'DIRECT pvCloud TEST', '12345', 'NUNMERICO', NULL, '2015-03-26 01:04:34', '2015-03-25 18:04:34'),
(227, 13, 'DIRECT pvCloud TEST', '12345', 'NUNMERICO', NULL, '2015-03-26 01:04:34', '2015-03-25 18:04:34'),
(228, 13, 'DIRECT pvCloud TEST', '12345', 'NUNMERICO', NULL, '2015-03-26 01:04:34', '2015-03-25 18:04:34'),
(229, 13, 'DIRECT pvCloud TEST', '12345', 'NUNMERICO', NULL, '2015-03-26 01:04:34', '2015-03-25 18:04:34'),
(230, 13, 'DIRECT pvCloud TEST', '12345', 'NUNMERICO', NULL, '2015-03-26 01:04:34', '2015-03-25 18:04:34'),
(231, 13, 'DIRECT pvCloud TEST', '12345', 'NUNMERICO', NULL, '2015-03-26 01:04:34', '2015-03-25 18:04:34'),
(232, 13, 'DIRECT pvCloud TEST', '12345', 'NUNMERICO', NULL, '2015-03-26 01:04:34', '2015-03-25 18:04:34'),
(233, 13, 'DIRECT pvCloud TEST', '12345', 'NUNMERICO', NULL, '2015-03-26 01:04:34', '2015-03-25 18:04:34'),
(234, 13, 'DIRECT pvCloud TEST', '12345', 'NUNMERICO', NULL, '2015-03-26 01:04:34', '2015-03-25 18:04:34'),
(235, 13, 'DIRECT pvCloud TEST', '12345', 'NUNMERICO', NULL, '2015-03-26 01:04:34', '2015-03-25 18:04:34'),
(236, 13, 'DIRECT pvCloud TEST', '12345', 'NUNMERICO', NULL, '2015-03-26 01:04:34', '2015-03-25 18:04:34'),
(237, 13, 'DIRECT pvCloud TEST', '12345', 'NUNMERICO', NULL, '2015-03-26 01:04:34', '2015-03-25 18:04:34'),
(238, 13, 'DIRECT pvCloud TEST', '12345', 'NUNMERICO', NULL, '2015-03-26 01:04:34', '2015-03-25 18:04:34'),
(239, 13, 'DIRECT pvCloud TEST', '12345', 'NUNMERICO', NULL, '2015-03-26 01:04:34', '2015-03-25 18:04:34'),
(240, 13, 'DIRECT pvCloud TEST', '12345', 'NUNMERICO', NULL, '2015-03-26 01:04:34', '2015-03-25 18:04:34'),
(241, 13, 'DIRECT pvCloud TEST', '12345', 'NUNMERICO', NULL, '2015-03-26 01:04:34', '2015-03-25 18:04:34'),
(242, 13, 'DIRECT pvCloud TEST', '12345', 'NUNMERICO', NULL, '2015-03-26 01:04:34', '2015-03-25 18:04:34'),
(243, 13, 'DIRECT pvCloud TEST', '12345', 'NUNMERICO', NULL, '2015-03-26 01:04:34', '2015-03-25 18:04:34'),
(244, 13, 'DIRECT pvCloud TEST', '12345', 'NUNMERICO', NULL, '2015-03-26 01:04:34', '2015-03-25 18:04:34'),
(245, 13, 'DIRECT pvCloud TEST', '12345', 'NUNMERICO', NULL, '2015-03-26 01:04:34', '2015-03-25 18:04:34'),
(246, 13, 'DIRECT pvCloud TEST', '12345', 'NUNMERICO', NULL, '2015-03-26 01:04:34', '2015-03-25 18:04:34'),
(247, 13, 'DIRECT pvCloud TEST', '12345', 'NUNMERICO', NULL, '2015-03-26 01:04:34', '2015-03-25 18:04:34'),
(248, 13, 'DIRECT pvCloud TEST', '12345', 'NUNMERICO', NULL, '2015-03-26 01:04:34', '2015-03-25 18:04:34'),
(249, 13, 'DIRECT pvCloud TEST', '12345', 'NUNMERICO', NULL, '2015-03-26 01:04:34', '2015-03-25 18:04:34'),
(250, 13, 'DIRECT pvCloud TEST', '12345', 'NUNMERICO', NULL, '2015-03-26 01:04:35', '2015-03-25 18:04:35'),
(251, 13, 'DIRECT pvCloud TEST', '12345', 'NUNMERICO', NULL, '2015-03-26 01:04:35', '2015-03-25 18:04:35'),
(252, 13, 'DIRECT pvCloud TEST', '12345', 'NUNMERICO', NULL, '2015-03-26 01:04:35', '2015-03-25 18:04:35'),
(253, 13, 'DIRECT pvCloud TEST', '12345', 'NUNMERICO', NULL, '2015-03-26 01:04:35', '2015-03-25 18:04:35'),
(254, 13, 'DIRECT pvCloud TEST', '12345', 'NUNMERICO', NULL, '2015-03-26 01:04:35', '2015-03-25 18:04:35'),
(255, 13, 'DIRECT pvCloud TEST', '12345', 'NUNMERICO', NULL, '2015-03-26 01:04:35', '2015-03-25 18:04:35'),
(256, 13, 'DIRECT pvCloud TEST', '12345', 'NUNMERICO', NULL, '2015-03-26 01:04:35', '2015-03-25 18:04:35'),
(257, 13, 'DIRECT pvCloud TEST', '12345', 'NUNMERICO', NULL, '2015-03-26 01:04:35', '2015-03-25 18:04:35'),
(258, 13, 'DIRECT pvCloud TEST', '12345', 'NUNMERICO', NULL, '2015-03-26 01:04:35', '2015-03-25 18:04:35'),
(259, 13, 'DIRECT pvCloud TEST', '12345', 'NUNMERICO', NULL, '2015-03-26 01:04:35', '2015-03-25 18:04:35'),
(260, 13, 'DIRECT pvCloud TEST', '12345', 'NUNMERICO', NULL, '2015-03-26 01:04:35', '2015-03-25 18:04:35'),
(261, 11, 'DIRECT pvCloud TEST', '12345', 'NUNMERICO', NULL, '2015-03-26 01:05:27', '2015-03-25 18:05:27'),
(262, 11, 'DIRECT pvCloud TEST', '12345', 'NUNMERICO', NULL, '2015-03-26 01:05:29', '2015-03-25 18:05:29'),
(263, 11, 'DIRECT pvCloud TEST', '12345', 'NUNMERICO', NULL, '2015-03-26 01:05:29', '2015-03-25 18:05:29'),
(264, 11, 'DIRECT pvCloud TEST', '12345', 'NUNMERICO', NULL, '2015-03-26 01:05:29', '2015-03-25 18:05:29'),
(265, 11, 'DIRECT pvCloud TEST', '12345', 'NUNMERICO', NULL, '2015-03-26 01:05:29', '2015-03-25 18:05:29'),
(266, 11, 'DIRECT pvCloud TEST', '12345', 'NUNMERICO', NULL, '2015-03-26 01:05:29', '2015-03-25 18:05:29'),
(267, 11, 'DIRECT pvCloud TEST', '12345', 'NUNMERICO', NULL, '2015-03-26 01:05:29', '2015-03-25 18:05:29'),
(268, 11, 'DIRECT pvCloud TEST', '12345', 'NUNMERICO', NULL, '2015-03-26 01:05:29', '2015-03-25 18:05:29'),
(269, 11, 'DIRECT pvCloud TEST', '12345', 'NUNMERICO', NULL, '2015-03-26 01:05:29', '2015-03-25 18:05:29'),
(270, 11, 'DIRECT pvCloud TEST', '12345', 'NUNMERICO', NULL, '2015-03-26 01:05:29', '2015-03-25 18:05:29'),
(271, 11, 'DIRECT pvCloud TEST', '12345', 'NUNMERICO', NULL, '2015-03-26 01:05:29', '2015-03-25 18:05:29'),
(272, 11, 'DIRECT pvCloud TEST', '12345', 'NUNMERICO', NULL, '2015-03-26 01:05:29', '2015-03-25 18:05:29'),
(273, 11, 'DIRECT pvCloud TEST', '12345', 'NUNMERICO', NULL, '2015-03-26 01:05:29', '2015-03-25 18:05:29'),
(274, 11, 'DIRECT pvCloud TEST', '12345', 'NUNMERICO', NULL, '2015-03-26 01:05:29', '2015-03-25 18:05:29'),
(275, 11, 'DIRECT pvCloud TEST', '12345', 'NUNMERICO', NULL, '2015-03-26 01:05:29', '2015-03-25 18:05:29'),
(276, 11, 'DIRECT pvCloud TEST', '12345', 'NUNMERICO', NULL, '2015-03-26 01:05:29', '2015-03-25 18:05:29'),
(277, 11, 'DIRECT pvCloud TEST', '12345', 'NUNMERICO', NULL, '2015-03-26 01:05:30', '2015-03-25 18:05:30'),
(278, 11, 'DIRECT pvCloud TEST', '12345', 'NUNMERICO', NULL, '2015-03-26 01:05:30', '2015-03-25 18:05:30'),
(279, 11, 'DIRECT pvCloud TEST', '12345', 'NUNMERICO', NULL, '2015-03-26 01:05:30', '2015-03-25 18:05:30'),
(280, 11, 'DIRECT pvCloud TEST', '12345', 'NUNMERICO', NULL, '2015-03-26 01:05:30', '2015-03-25 18:05:30'),
(281, 11, 'DIRECT pvCloud TEST', '12345', 'NUNMERICO', NULL, '2015-03-26 01:05:30', '2015-03-25 18:05:30'),
(282, 11, 'DIRECT pvCloud TEST', '12345', 'NUNMERICO', NULL, '2015-03-26 01:05:30', '2015-03-25 18:05:30'),
(283, 11, 'DIRECT pvCloud TEST', '12345', 'NUNMERICO', NULL, '2015-03-26 01:05:30', '2015-03-25 18:05:30'),
(284, 11, 'DIRECT pvCloud TEST', '12345', 'NUNMERICO', NULL, '2015-03-26 01:05:30', '2015-03-25 18:05:30'),
(285, 11, 'DIRECT pvCloud TEST', '12345', 'NUNMERICO', NULL, '2015-03-26 01:05:30', '2015-03-25 18:05:30'),
(286, 11, 'DIRECT pvCloud TEST', '12345', 'NUNMERICO', NULL, '2015-03-26 01:05:30', '2015-03-25 18:05:30'),
(287, 11, 'DIRECT pvCloud TEST', '12345', 'NUNMERICO', NULL, '2015-03-26 01:05:30', '2015-03-25 18:05:30'),
(288, 11, 'DIRECT pvCloud TEST', '12345', 'NUNMERICO', NULL, '2015-03-26 01:05:30', '2015-03-25 18:05:30'),
(289, 11, 'DIRECT pvCloud TEST', '12345', 'NUNMERICO', NULL, '2015-03-26 01:05:30', '2015-03-25 18:05:30'),
(290, 11, 'DIRECT pvCloud TEST', '12345', 'NUNMERICO', NULL, '2015-03-26 01:05:30', '2015-03-25 18:05:30');
